time,timeDate,close,high,low,open,volumefrom,volumeto
,2016-12-31,,-1,,,,
,2017-01-01,,-1,,,,
,2017-01-02,,-1,,,,
,2017-01-03,,-1,,,,
,2017-01-04,,-1,,,,
,2017-01-05,,-1,,,,
,2017-01-06,,-1,,,,
,2017-01-07,,-1,,,,
,2017-01-08,,-1,,,,
,2017-01-09,,-1,,,,
,2017-01-10,,-1,,,,
,2017-01-11,,-1,,,,
,2017-01-12,,-1,,,,
,2017-01-13,,-1,,,,
,2017-01-14,,-1,,,,
,2017-01-15,,-1,,,,
,2017-01-16,,-1,,,,
1.48461E+12,2017-01-17,0.002251,0.002251,0.002251,0.002251,145.58,0.3277
1.4847E+12,2017-01-18,0.002251,0.002251,0.002251,0.002251,0,0
1.48478E+12,2017-01-19,0.002251,0.002251,0.002251,0.002251,0,0
1.48487E+12,2017-01-20,0.002957,0.003,0.00225,0.002251,533957.26,1595.84
1.48496E+12,2017-01-21,0.0025,0.002957,0.00225,0.002957,1410111.41,3184.71
1.48504E+12,2017-01-22,0.002253,0.0025,0.002253,0.0025,254935.39,589.25
1.48513E+12,2017-01-23,0.002272,0.002272,0.002253,0.002253,376365.58,849.62
1.48522E+12,2017-01-24,0.002212,0.002275,0.002206,0.002272,7377240.31,16592.82
1.4853E+12,2017-01-25,0.002178,0.00222,0.002156,0.002212,479884.71,1047.37
1.48539E+12,2017-01-26,0.002154,0.002178,0.002056,0.002178,1163887.27,2446.65
1.48548E+12,2017-01-27,0.002152,0.002398,0.002152,0.002154,629329.79,1414.58
1.48556E+12,2017-01-28,0.002153,0.002153,0.002152,0.002152,5043.91,10.86
1.48565E+12,2017-01-29,0.0022,0.0022,0.002152,0.002153,36060.79,77.82
1.48573E+12,2017-01-30,0.0024,0.0024,0.0022,0.0022,1006695.45,2416.03
1.48582E+12,2017-01-31,0.002149,0.002497,0.002149,0.0024,281802.73,643.43
1.48591E+12,2017-02-01,0.002481,0.002481,0.002149,0.002149,67213.23,154.54
1.48599E+12,2017-02-02,0.002215,0.002483,0.002215,0.002481,953700.33,2224.2
1.48608E+12,2017-02-03,0.002292,0.002457,0.002215,0.002215,475728.62,1090.8
1.48617E+12,2017-02-04,0.002292,0.002292,0.002292,0.002292,0,0
1.48625E+12,2017-02-05,0.002442,0.002442,0.002292,0.002292,227.87,0.5541
1.48634E+12,2017-02-06,0.002342,0.002442,0.002342,0.002442,168.84,0.3987
1.48643E+12,2017-02-07,0.002275,0.002346,0.002275,0.002342,4467.2,10.34
1.48651E+12,2017-02-08,0.0022,0.002381,0.0022,0.002275,765616.04,1695.88
1.4866E+12,2017-02-09,0.002056,0.002201,0.002056,0.0022,2750548.28,5857.06
1.48668E+12,2017-02-10,0.002181,0.002184,0.002056,0.002056,7355.45,16.04
1.48677E+12,2017-02-11,0.002319,0.002319,0.002173,0.002181,60262.52,131.39
1.48686E+12,2017-02-12,0.002168,0.002319,0.001892,0.002319,22149.13,45.38
1.48694E+12,2017-02-13,0.002168,0.002168,0.002168,0.002168,0,0
1.48703E+12,2017-02-14,0.001892,0.002168,0.001892,0.002168,10592.3,20.04
1.48712E+12,2017-02-15,0.001894,0.001984,0.001892,0.001892,1592.48,3.07
1.4872E+12,2017-02-16,0.002164,0.002207,0.001894,0.001894,1082.13,2.37
1.48729E+12,2017-02-17,0.002361,0.002361,0.002164,0.002164,100,0.2361
1.48738E+12,2017-02-18,0.002047,0.002361,0.001959,0.002361,46817.07,93.87
1.48746E+12,2017-02-19,0.001985,0.002047,0.001985,0.002047,255960.35,508.17
1.48755E+12,2017-02-20,0.001985,0.002063,0.001953,0.001985,1414438.95,2807.14
1.48764E+12,2017-02-21,0.001985,0.001985,0.001985,0.001985,316001.51,655.51
1.48772E+12,2017-02-22,0.001951,0.002367,0.001951,0.001985,5118556.11,9995.04
1.48781E+12,2017-02-23,0.00196,0.001985,0.00195,0.001951,170007.2,334.57
1.48789E+12,2017-02-24,0.001831,0.002,0.001806,0.00196,3283084.37,6257.86
1.48798E+12,2017-02-25,0.001857,0.001857,0.0018,0.001831,2787545.18,5052.28
1.48807E+12,2017-02-26,0.001884,0.001884,0.001732,0.001857,1534813.44,2877.57
1.48815E+12,2017-02-27,0.001804,0.001886,0.001795,0.001884,1077070.42,1994.2
1.48824E+12,2017-02-28,0.00192,0.001934,0.001793,0.001804,1042915.07,1901.34
1.48833E+12,2017-03-01,0.00174,0.00192,0.001708,0.00192,5235290.98,9132.48
1.48841E+12,2017-03-02,0.001736,0.001744,0.001691,0.00174,7121430.3,12768.42
1.4885E+12,2017-03-03,0.001702,0.001848,0.0017,0.001736,3190055.67,5694.47
1.48859E+12,2017-03-04,0.00175,0.001753,0.001701,0.001702,1283975.89,2278.63
1.48867E+12,2017-03-05,0.001742,0.00175,0.0017,0.00175,3197102.83,5568.01
1.48876E+12,2017-03-06,0.001817,0.001819,0.00171,0.001742,4632816.7,8527.64
1.48884E+12,2017-03-07,0.001967,0.002,0.001817,0.001817,3996673.69,7715.75
1.48893E+12,2017-03-08,0.0018,0.0021,0.0018,0.001967,5355010.33,10720.2
1.48902E+12,2017-03-09,0.002014,0.002026,0.001703,0.0018,5480745.01,9674.75
1.4891E+12,2017-03-10,0.001402,0.002014,0.001401,0.002014,9043039.07,15304.4
1.48919E+12,2017-03-11,0.001661,0.001805,0.001402,0.001402,3965651.22,6867.76
1.48928E+12,2017-03-12,0.001767,0.001822,0.001661,0.001661,5250934.43,9512.41
1.48936E+12,2017-03-13,0.001849,0.002093,0.001767,0.001767,9901407.53,19286.71
1.48945E+12,2017-03-14,0.001817,0.002098,0.0018,0.001849,2141062.55,4082.39
1.48954E+12,2017-03-15,0.001938,0.001999,0.001817,0.001817,4133326.05,8092.7
1.48962E+12,2017-03-16,0.001691,0.001992,0.001675,0.001938,7467538.14,13911.65
1.48971E+12,2017-03-17,0.001768,0.001977,0.001673,0.001691,6805210.31,12513.52
1.4898E+12,2017-03-18,0.001983,0.001993,0.001768,0.001768,11368386.27,21331.36
1.48988E+12,2017-03-19,0.001701,0.001999,0.001701,0.001983,7999401.86,15039.79
1.48997E+12,2017-03-20,0.001999,0.001999,0.001701,0.001701,2486896.72,4732.45
1.49005E+12,2017-03-21,0.0021,0.0021,0.001721,0.001999,8531655.16,17448.55
1.49014E+12,2017-03-22,0.00188,0.002249,0.001859,0.0021,8186483.19,15979.47
1.49023E+12,2017-03-23,0.0022,0.0022,0.001859,0.00188,11105175.24,22547.69
1.49031E+12,2017-03-24,0.00195,0.002396,0.001871,0.0022,36137520.62,80511.23
1.4904E+12,2017-03-25,0.002,0.002199,0.00195,0.00195,13661901.46,27441.55
1.49049E+12,2017-03-26,0.001991,0.00205,0.0019,0.002,10212237.93,20671.03
1.49057E+12,2017-03-27,0.00187,0.002195,0.00186,0.001991,25387951.07,49005.9
1.49066E+12,2017-03-28,0.002095,0.002095,0.001837,0.00187,13180667.37,25682.12
1.49075E+12,2017-03-29,0.001917,0.0021,0.00184,0.002095,10728497.13,21410.71
1.49083E+12,2017-03-30,0.0023,0.0023,0.001883,0.001917,33985238.85,74485.64
1.49092E+12,2017-03-31,0.002282,0.002844,0.002083,0.0023,40073986.58,100535.66
1.491E+12,2017-04-01,0.00285,0.00285,0.002149,0.002282,18803083.9,46777.65
1.49109E+12,2017-04-02,0.004405,0.0051,0.00254,0.00285,76502782.75,274219.75
1.49118E+12,2017-04-03,0.003036,0.00509,0.002501,0.004405,66274878.28,262849.71
1.49126E+12,2017-04-04,0.003011,0.0035,0.00279,0.003036,25479729.57,79171.51
1.49135E+12,2017-04-05,0.003082,0.003508,0.002925,0.003011,52057466.08,167338.26
1.49144E+12,2017-04-06,0.002831,0.00344,0.002762,0.003082,38399829.87,117628.24
1.49152E+12,2017-04-07,0.002719,0.002975,0.00267,0.002831,36822292,103600.78
1.49161E+12,2017-04-08,0.003064,0.0036,0.002612,0.002719,32535322.59,96098.05
1.4917E+12,2017-04-09,0.002769,0.003162,0.002701,0.003064,35839237.02,103521.59
1.49178E+12,2017-04-10,0.002858,0.002875,0.002709,0.002769,11555599.97,32264.4
1.49187E+12,2017-04-11,0.0028,0.002879,0.0027,0.002858,8126560.75,22828.29
1.49196E+12,2017-04-12,0.003097,0.00325,0.002769,0.0028,43974551.61,135521.8
1.49204E+12,2017-04-13,0.003132,0.003178,0.002851,0.003097,17187186.1,52248.29
1.49213E+12,2017-04-14,0.003223,0.003283,0.002881,0.003132,21221993.06,66801
1.49221E+12,2017-04-15,0.003369,0.0034,0.002914,0.003223,21857365.73,72541.69
1.4923E+12,2017-04-16,0.003623,0.003989,0.003369,0.003369,35644306.85,130999.31
1.49239E+12,2017-04-17,0.003531,0.003799,0.003321,0.003623,24591092.22,89757.93
1.49247E+12,2017-04-18,0.0037,0.003701,0.003,0.003531,20080148.17,72487.97
1.49256E+12,2017-04-19,0.003534,0.0037,0.0035,0.0037,25657906.21,94774.7
1.49265E+12,2017-04-20,0.003455,0.003613,0.003243,0.003534,16308227.07,58220.31
1.49273E+12,2017-04-21,0.003453,0.003476,0.003375,0.003455,26824657.47,96389.66
1.49282E+12,2017-04-22,0.003499,0.003644,0.003433,0.003453,12467755.21,46598.76
1.49291E+12,2017-04-23,0.003502,0.00357,0.0033,0.003499,10868733.8,40929.21
1.49299E+12,2017-04-24,0.004,0.004,0.003468,0.003502,24246993.22,98324.24
1.49308E+12,2017-04-25,0.00377,0.004,0.003744,0.004,12957820.98,53401.57
1.49316E+12,2017-04-26,0.004026,0.00409,0.00377,0.00377,26058076.22,109289.41
1.49325E+12,2017-04-27,0.004033,0.004089,0.003863,0.004026,12928579.53,54305.39
1.49334E+12,2017-04-28,0.004535,0.004655,0.00281,0.004033,34731006.64,159418.51
1.49342E+12,2017-04-29,0.004661,0.00515,0.00435,0.004535,46792424.86,244497.37
1.49351E+12,2017-04-30,0.004805,0.0055,0.004661,0.004661,53902946.23,290960.11
1.4936E+12,2017-05-01,0.005,0.005922,0.004607,0.004805,73240989.23,400948.01
1.49368E+12,2017-05-02,0.005054,0.005461,0.0045,0.005,44154202.45,228178.02
1.49377E+12,2017-05-03,0.005145,0.005299,0.00465,0.005054,30746602.76,162551.63
1.49386E+12,2017-05-04,0.006769,0.007293,0.0048,0.005145,94671308.87,616240.76
1.49394E+12,2017-05-05,0.01065,0.015,0.0055,0.006769,317618917.1,3479023.48
1.49403E+12,2017-05-06,0.0209,0.025,0.01065,0.01065,421359405.3,7240282.41
1.49412E+12,2017-05-07,0.039,0.052,0.0155,0.0209,559918475.6,19379483.29
1.4942E+12,2017-05-08,0.04068,0.06,0.03,0.039,379668350.3,16917280.7
1.49429E+12,2017-05-09,0.0275,0.04211,0.01916,0.04068,220969831.3,6842953.23
1.49437E+12,2017-05-10,0.0322,0.038,0.02601,0.0275,114310138.2,3794060.8
1.49446E+12,2017-05-11,0.03681,0.044,0.02699,0.0322,217218411.9,7916771.26
1.49455E+12,2017-05-12,0.04099,0.0489,0.0311,0.03681,160634041,6627141
1.49463E+12,2017-05-13,0.03736,0.04145,0.03559,0.04099,78546397.99,3075712.27
1.49472E+12,2017-05-14,0.03835,0.0409,0.03651,0.03736,63754913.17,2512911.27
1.49481E+12,2017-05-15,0.04353,0.04353,0.03767,0.03835,81702127.02,3372115.88
1.49489E+12,2017-05-16,0.05,0.0525,0.04353,0.04353,154267523.3,7533180.79
1.49498E+12,2017-05-17,0.04898,0.0585,0.04,0.05,103486408.2,5107651.35
1.49507E+12,2017-05-18,0.046,0.051,0.04301,0.04898,64993947.65,3017076.92
1.49515E+12,2017-05-19,0.0525,0.055,0.0437,0.046,91815538.31,4603069.27
1.49524E+12,2017-05-20,0.0533,0.0549,0.049,0.0525,38120619.48,2009467.34
1.49532E+12,2017-05-21,0.06,0.067,0.05189,0.0533,78538048.75,4685190.16
1.49541E+12,2017-05-22,0.05,0.066,0.0445,0.06,68008687.66,3734705.11
1.4955E+12,2017-05-23,0.05417,0.057,0.04989,0.05,36955532.41,1993220.61
1.49558E+12,2017-05-24,0.05076,0.05796,0.04754,0.05417,54248011.95,2895157.24
1.49567E+12,2017-05-25,0.04,0.051,0.039,0.05076,60208839.15,2618507.52
1.49576E+12,2017-05-26,0.04091,0.05198,0.03,0.04,61327460.54,2688826.52
1.49584E+12,2017-05-27,0.03206,0.04166,0.02084,0.03946,121420181.5,3647213.8
1.49593E+12,2017-05-28,0.03449,0.04114,0.028,0.03337,75591319.92,2675677.18
1.49602E+12,2017-05-29,0.03611,0.03832,0.03234,0.03449,50401676.36,1804446.18
1.4961E+12,2017-05-30,0.03069,0.03751,0.03015,0.03611,43689677.48,1516664.54
1.49619E+12,2017-05-31,0.03337,0.03468,0.02781,0.03069,72861219.71,2276056.12
1.49628E+12,2017-06-01,0.04128,0.04328,0.03289,0.03337,114204911.7,4471808.74
1.49636E+12,2017-06-02,0.03933,0.0422,0.0367,0.04128,37864316.09,1495847.62
1.49645E+12,2017-06-03,0.0392,0.04009,0.03568,0.03933,28272212.61,1072478.59
1.49653E+12,2017-06-04,0.0398,0.04079,0.03711,0.0392,4442044.69,171383.94
1.49662E+12,2017-06-05,0.04064,0.04357,0.0394,0.0398,20803003.57,852676.46
1.49671E+12,2017-06-06,0.04453,0.0454,0.03786,0.04064,67560804.61,2796922.56
1.49679E+12,2017-06-07,0.0466,0.05408,0.04389,0.04453,76343361.98,3671290.21
1.49688E+12,2017-06-08,0.05017,0.05642,0.04501,0.0466,67132025.29,3480153.69
1.49697E+12,2017-06-09,0.04739,0.0521,0.04612,0.05017,49808922.81,2446610.18
1.49705E+12,2017-06-10,0.0419,0.04785,0.04015,0.04739,47515594.55,2099809.68
1.49714E+12,2017-06-11,0.04516,0.04667,0.04022,0.0419,39700038.78,1755092.42
1.49723E+12,2017-06-12,0.03852,0.04738,0.03429,0.04516,61710436.03,2467224.62
1.49731E+12,2017-06-13,0.04106,0.043,0.03746,0.03852,25725090.99,1039481.74
1.4974E+12,2017-06-14,0.03824,0.04374,0.035,0.04106,30636090.32,1231002.17
1.49748E+12,2017-06-15,0.03599,0.03872,0.02963,0.03824,45178202.31,1546474.81
1.49757E+12,2017-06-16,0.03656,0.03768,0.03367,0.03599,23791568.66,862516.16
1.49766E+12,2017-06-17,0.03988,0.04077,0.03514,0.03656,26722250.89,1025264.58
1.49774E+12,2017-06-18,0.03809,0.04021,0.03666,0.03988,17957655.9,688465.57
1.49783E+12,2017-06-19,0.04148,0.04222,0.03772,0.03809,17692395.67,698950.35
1.49792E+12,2017-06-20,0.04061,0.04465,0.03927,0.04148,37423473.2,1581903.38
1.498E+12,2017-06-21,0.03836,0.04218,0.037,0.04061,18122830.19,719287.91
1.49809E+12,2017-06-22,0.03923,0.03968,0.03719,0.03836,15802712.94,606478.09
1.49818E+12,2017-06-23,0.03988,0.04026,0.03895,0.03923,8826623.09,350984.02
1.49826E+12,2017-06-24,0.03639,0.04004,0.0355,0.03988,15484516.47,586334.19
1.49835E+12,2017-06-25,0.03182,0.03703,0.02893,0.03639,39830815.32,1330667.9
1.49844E+12,2017-06-26,0.02899,0.03408,0.02377,0.03182,72557951,2046535.94
1.49852E+12,2017-06-27,0.029,0.03099,0.02294,0.02899,50935050.28,1395481.59
1.49861E+12,2017-06-28,0.03149,0.03339,0.02715,0.029,47079524.56,1429954.97
1.49869E+12,2017-06-29,0.02834,0.03254,0.02784,0.03149,33344158.12,997387.1
1.49878E+12,2017-06-30,0.02637,0.02905,0.02635,0.02834,24431623.68,682322.61
1.49887E+12,2017-07-01,0.02394,0.02707,0.02238,0.02637,32334160.72,800001.9
1.49895E+12,2017-07-02,0.02523,0.0254,0.0217,0.02394,32464865.13,773759.95
1.49904E+12,2017-07-03,0.02605,0.02694,0.02411,0.02523,26119851.18,668112.03
1.49913E+12,2017-07-04,0.02579,0.02801,0.02526,0.02605,23734373.23,633913.97
1.49921E+12,2017-07-05,0.02558,0.02589,0.02426,0.02579,12545185.24,316713.67
1.4993E+12,2017-07-06,0.0253,0.0262,0.025,0.02558,9350659.23,239433.88
1.49939E+12,2017-07-07,0.0203,0.02565,0.01969,0.0253,49329298.23,1099514.54
1.49947E+12,2017-07-08,0.02156,0.02182,0.01716,0.0203,42040473.19,838047.22
1.49956E+12,2017-07-09,0.01923,0.02248,0.01923,0.02156,18586132.72,394101.54
1.49964E+12,2017-07-10,0.01489,0.01971,0.01361,0.01923,69415536.53,1156331.77
1.49973E+12,2017-07-11,0.01432,0.01571,0.01202,0.01489,125402445.6,1726425.45
1.49982E+12,2017-07-12,0.01784,0.01784,0.01246,0.01432,107687505.6,1708336.5
1.4999E+12,2017-07-13,0.01714,0.0203,0.0152,0.01784,127263181.6,2270273.18
1.49999E+12,2017-07-14,0.0161,0.0173,0.01463,0.01714,76839578.15,1216288.81
1.50008E+12,2017-07-15,0.01758,0.01824,0.0148,0.0161,101428551.7,1710911.97
1.50016E+12,2017-07-16,0.01565,0.0191,0.01349,0.01758,141803623.2,2269330.38
1.50025E+12,2017-07-17,0.0186,0.01898,0.01549,0.01565,101091174,1745823.35
1.50034E+12,2017-07-18,0.01853,0.02039,0.01731,0.0186,94869501.17,1813520.75
1.50042E+12,2017-07-19,0.0171,0.01999,0.01691,0.01853,58279641.7,1094909.83
1.50051E+12,2017-07-20,0.01897,0.02095,0.0171,0.0171,122871902.6,2346468.49
1.5006E+12,2017-07-21,0.01898,0.02051,0.01851,0.01897,93212647.78,1826969.87
1.50068E+12,2017-07-22,0.02312,0.02407,0.0189,0.01898,136265462.3,2986072.37
1.50077E+12,2017-07-23,0.0222,0.02393,0.02054,0.02312,86160070.65,1919796.62
1.50085E+12,2017-07-24,0.02274,0.02314,0.02103,0.0222,49019193.21,1083721.39
1.50094E+12,2017-07-25,0.01861,0.02307,0.01706,0.02274,122163218,2327001.03
1.50103E+12,2017-07-26,0.01891,0.01994,0.01754,0.01861,85878632.72,1595010.36
1.50111E+12,2017-07-27,0.01848,0.01945,0.01801,0.01891,39785277.38,740874.88
1.5012E+12,2017-07-28,0.01708,0.01872,0.01655,0.01848,61186902.99,1067699.86
1.50129E+12,2017-07-29,0.01747,0.0175,0.01548,0.01708,37167849.94,613351.9
1.50137E+12,2017-07-30,0.01603,0.01765,0.01591,0.01747,28519051.43,472154.56
1.50146E+12,2017-07-31,0.01605,0.01652,0.01522,0.01603,45260921.33,716490.91
1.50155E+12,2017-08-01,0.01799,0.0181,0.01585,0.01605,80191203.2,1353866.59
1.50163E+12,2017-08-02,0.0184,0.01986,0.0175,0.01799,83591991.94,1541632.96
1.50172E+12,2017-08-03,0.01889,0.01911,0.01792,0.0184,27472769.13,512412.34
1.5018E+12,2017-08-04,0.02245,0.02249,0.01861,0.01889,79181288.03,1642553.39
1.50189E+12,2017-08-05,0.02381,0.02715,0.0211,0.02245,140489705,3346494.26
1.50198E+12,2017-08-06,0.02283,0.02512,0.02259,0.02381,58961856.42,1385304.76
1.50206E+12,2017-08-07,0.0223,0.02329,0.02115,0.02283,73250480.28,1622129.53
1.50215E+12,2017-08-08,0.02378,0.02382,0.02149,0.0223,83788586.37,1892584.99
1.50224E+12,2017-08-09,0.023,0.02473,0.02145,0.02378,70083044.4,1624727.03
1.50232E+12,2017-08-10,0.02207,0.02345,0.02201,0.023,28635078.65,655321.54
1.50241E+12,2017-08-11,0.02166,0.02247,0.02069,0.02207,34332541.43,738314.58
1.5025E+12,2017-08-12,0.02005,0.02226,0.01945,0.02166,45143194.72,941756.2
1.50258E+12,2017-08-13,0.01827,0.0203,0.01713,0.02005,159019024.2,2982704.42
1.50267E+12,2017-08-14,0.01776,0.01917,0.0168,0.01827,66282662.89,1193536.05
1.50276E+12,2017-08-15,0.01738,0.01877,0.01605,0.01776,60158401.78,1048435.4
1.50284E+12,2017-08-16,0.01774,0.01847,0.01715,0.01738,36120183.14,646959.48
1.50293E+12,2017-08-17,0.01728,0.01818,0.01684,0.01774,63028335.7,1103021.05
1.50301E+12,2017-08-18,0.01675,0.01762,0.01628,0.01728,28213345.8,479604.23
1.5031E+12,2017-08-19,0.01649,0.01724,0.01536,0.01675,44945387.59,725375.98
1.50319E+12,2017-08-20,0.0177,0.0184,0.01605,0.01649,56211442.59,976126.2
1.50327E+12,2017-08-21,0.01955,0.0208,0.01705,0.0177,58113697.66,1066396.93
1.50336E+12,2017-08-22,0.02153,0.0218,0.01658,0.01955,86749970.18,1677557.32
1.50345E+12,2017-08-23,0.02011,0.024,0.0195,0.02153,115050651.6,2580720.91
1.50353E+12,2017-08-24,0.01908,0.02178,0.01821,0.02011,39810895.27,807030.13
1.50362E+12,2017-08-25,0.02059,0.02059,0.0183,0.01908,39942892.47,777777.21
1.50371E+12,2017-08-26,0.02125,0.02136,0.01912,0.02059,38236814.28,780839.27
1.50379E+12,2017-08-27,0.0199,0.0215,0.01948,0.02125,26032004.39,530228.87
1.50388E+12,2017-08-28,0.02061,0.0215,0.01927,0.0199,35270287.71,717532.37
1.50396E+12,2017-08-29,0.02005,0.0209,0.01913,0.02061,23222669.61,465593.29
1.50405E+12,2017-08-30,0.02115,0.0213,0.0198,0.02005,21281225.58,442946.66
1.50414E+12,2017-08-31,0.02249,0.02249,0.0208,0.02115,25324202.21,548636.57
1.50422E+12,2017-09-01,0.02412,0.02456,0.0214,0.02249,50194443.53,1162104.77
1.50431E+12,2017-09-02,0.0204,0.02438,0.02,0.02412,73412018.84,1590825.29
1.5044E+12,2017-09-03,0.02138,0.02198,0.02,0.0204,20256232.71,425177.89
1.50448E+12,2017-09-04,0.01762,0.02138,0.01606,0.02138,66632964.69,1199410.09
1.50457E+12,2017-09-05,0.01868,0.01924,0.0158,0.01762,50105161.06,875362.38
1.50466E+12,2017-09-06,0.02038,0.02095,0.01863,0.01868,32036281.74,632484.05
1.50474E+12,2017-09-07,0.02029,0.02086,0.01912,0.02038,31718921.4,633649.16
1.50483E+12,2017-09-08,0.01829,0.02078,0.0168,0.02029,46495542.64,854727.58
1.50492E+12,2017-09-09,0.01789,0.0183,0.01728,0.01829,14143730.2,251360.14
1.505E+12,2017-09-10,0.01669,0.01799,0.01591,0.01789,36770150.9,618476.2
1.50509E+12,2017-09-11,0.01722,0.0182,0.01608,0.01669,31665774.67,537667.02
1.50517E+12,2017-09-12,0.01642,0.0178,0.016,0.01722,21326314.54,362795.02
1.50526E+12,2017-09-13,0.01527,0.01645,0.01464,0.01642,36457163.02,558185.51
1.50535E+12,2017-09-14,0.01131,0.0157,0.01125,0.01527,64133274.25,834828.85
1.50543E+12,2017-09-15,0.01229,0.0128,0.00611,0.01131,185087161.7,1933250.77
1.50552E+12,2017-09-16,0.01188,0.0126,0.01015,0.01229,55739374.63,649738.51
1.50561E+12,2017-09-17,0.01123,0.01188,0.01,0.01188,36877114.99,407281.29
1.50569E+12,2017-09-18,0.01351,0.01384,0.0112,0.01123,70630416.13,908145.74
1.50578E+12,2017-09-19,0.01189,0.01354,0.0113,0.01351,86349749.51,1056618.64
1.50587E+12,2017-09-20,0.0123,0.013,0.0113,0.01189,36174561.48,435965.17
1.50595E+12,2017-09-21,0.01057,0.0123,0.01041,0.0123,51215372.09,570688.72
1.50604E+12,2017-09-22,0.01077,0.01117,0.01019,0.01057,32381129.02,348445.39
1.50612E+12,2017-09-23,0.0119,0.01208,0.01063,0.01077,32673864.41,377970.08
1.50621E+12,2017-09-24,0.01157,0.01204,0.01135,0.0119,14265396.2,168394.95
1.5063E+12,2017-09-25,0.01204,0.0125,0.0113,0.01157,51522349.7,627939.01
1.50638E+12,2017-09-26,0.01236,0.0125,0.01185,0.01204,20312446.22,249555.42
1.50647E+12,2017-09-27,0.01445,0.01491,0.01227,0.01236,60001466.98,821612.04
1.50656E+12,2017-09-28,0.0137,0.0146,0.0134,0.01445,31546158.65,441887.27
1.50664E+12,2017-09-29,0.01327,0.01396,0.01285,0.0137,23725904.21,313391.26
1.50673E+12,2017-09-30,0.01398,0.01411,0.01306,0.01327,15801473.65,218249.48
1.50682E+12,2017-10-01,0.01387,0.01398,0.01318,0.01398,7852499.83,107046.37
1.5069E+12,2017-10-02,0.013,0.01387,0.0125,0.01387,16311737.64,212429.71
1.50699E+12,2017-10-03,0.01241,0.013,0.01126,0.013,37319209.45,443597.21
1.50708E+12,2017-10-04,0.01181,0.01284,0.0115,0.01241,25635838.89,310842.2
1.50716E+12,2017-10-05,0.01449,0.01515,0.01158,0.01181,61772116.14,841045.47
1.50725E+12,2017-10-06,0.01838,0.01927,0.01449,0.01449,120515878.1,2043425.34
1.50733E+12,2017-10-07,0.02077,0.0247,0.01838,0.01838,232331925.9,4976022.6
1.50742E+12,2017-10-08,0.01862,0.022,0.0181,0.02077,108734265.5,2141875.48
1.50751E+12,2017-10-09,0.01764,0.02199,0.0158,0.01862,118890586.9,2310951.57
1.50759E+12,2017-10-10,0.0188,0.0188,0.01653,0.01764,43894430.44,787651.21
1.50768E+12,2017-10-11,0.01955,0.02032,0.01824,0.0188,40735554.45,785319.91
1.50777E+12,2017-10-12,0.01794,0.0199,0.0174,0.01955,58686878.59,1098756.13
1.50785E+12,2017-10-13,0.01786,0.01877,0.01751,0.01794,56632446.7,1016762.31
1.50794E+12,2017-10-14,0.0175,0.01917,0.0175,0.01786,38998564.97,716592.33
1.50803E+12,2017-10-15,0.0188,0.0191,0.01665,0.0175,46402438.74,818049.32
1.50811E+12,2017-10-16,0.036,0.0478,0.01855,0.01897,503449476.3,17600272.76
1.5082E+12,2017-10-17,0.0461,0.04789,0.03463,0.036,202822715,8464218.14
1.50828E+12,2017-10-18,0.03515,0.0465,0.0321,0.04608,108928958.1,4009625.72
1.50837E+12,2017-10-19,0.03114,0.0357,0.0295,0.03515,75284814.67,2395595.69
1.50846E+12,2017-10-20,0.02656,0.03251,0.02531,0.03114,76311537.37,2155371.82
1.50854E+12,2017-10-21,0.0365,0.03899,0.02402,0.02656,133040512.3,4047479.42
1.50863E+12,2017-10-22,0.03138,0.0387,0.03037,0.0366,97179433.98,3283492.2
1.50872E+12,2017-10-23,0.03438,0.03745,0.02955,0.0314,67013873.74,2263815.88
1.5088E+12,2017-10-24,0.037,0.0429,0.03358,0.03453,107361652.2,4176859.47
1.50889E+12,2017-10-25,0.03516,0.03847,0.03362,0.037,44089441.86,1576587.91
1.50898E+12,2017-10-26,0.0347,0.03744,0.03416,0.03529,31273756.59,1108465.77
1.50906E+12,2017-10-27,0.0341,0.0351,0.0332,0.03475,24576833.91,837429.97
1.50915E+12,2017-10-28,0.031,0.0345,0.03072,0.0341,15172173.4,492578.63
1.50924E+12,2017-10-29,0.03021,0.03353,0.0295,0.0308,49594954.61,1562020.27
1.50932E+12,2017-10-30,0.03195,0.03214,0.0297,0.03021,27228309.42,843475.78
1.50941E+12,2017-10-31,0.02936,0.03195,0.02814,0.03195,39087185.81,1155734.76
1.50949E+12,2017-11-01,0.0273,0.03018,0.02709,0.02936,30765488.51,876839.5
1.50958E+12,2017-11-02,0.0275,0.02844,0.02345,0.0273,68311255.9,1791078.16
1.50967E+12,2017-11-03,0.0274,0.0286,0.0251,0.0275,48793374.48,1322827.52
1.50975E+12,2017-11-04,0.02708,0.02845,0.02667,0.0274,23125253.01,636521.29
1.50984E+12,2017-11-05,0.02664,0.02777,0.02616,0.02735,20141120.64,540313.22
1.50993E+12,2017-11-06,0.02867,0.0289,0.0263,0.02664,26565706.36,737120.85
1.51001E+12,2017-11-07,0.0302,0.03299,0.02824,0.02867,79313653.09,2437424.73
1.5101E+12,2017-11-08,0.0336,0.0352,0.02905,0.0302,75626600.13,2421682.2
1.51019E+12,2017-11-09,0.03902,0.0399,0.03325,0.0334,65859315.31,2440255.21
1.51027E+12,2017-11-10,0.03282,0.03955,0.0306,0.03902,93373549.61,3203741.54
1.51036E+12,2017-11-11,0.0326,0.0355,0.0315,0.03319,53294483.18,1773822.96
1.51044E+12,2017-11-12,0.02854,0.03324,0.0269,0.0326,69451911.56,2111428.19
1.51053E+12,2017-11-13,0.03001,0.0321,0.02789,0.02824,36478230.81,1103147.45
1.51062E+12,2017-11-14,0.0359,0.03681,0.02995,0.03001,54580706.63,1816496.53
1.5107E+12,2017-11-15,0.0372,0.03748,0.03404,0.0355,61503445.58,2182395.65
1.51079E+12,2017-11-16,0.03689,0.03788,0.03395,0.037,47527199.14,1714516.09
1.51088E+12,2017-11-17,0.03578,0.0374,0.0346,0.03707,23568030.28,853531.94
1.51096E+12,2017-11-18,0.03637,0.03643,0.03436,0.03535,14970953.82,530930.12
1.51105E+12,2017-11-19,0.0365,0.04,0.03606,0.03637,40413356.92,1535333.22
1.51114E+12,2017-11-20,0.03862,0.04,0.036,0.03671,29393465.24,1129242.35
1.51122E+12,2017-11-21,0.03787,0.03897,0.03618,0.0384,29188643.01,1103020.65
1.51131E+12,2017-11-22,0.0423,0.0428,0.03741,0.03787,35419896.18,1412494.63
1.5114E+12,2017-11-23,0.04037,0.044,0.03981,0.04229,45327177.21,1905194.65
1.51148E+12,2017-11-24,0.04043,0.0413,0.0382,0.04015,28739649.25,1152562.07
1.51157E+12,2017-11-25,0.04328,0.0439,0.0393,0.04004,29008250.45,1222443.82
1.51165E+12,2017-11-26,0.0486,0.0486,0.0431,0.04328,70208118.22,3244399.85
1.51174E+12,2017-11-27,0.0605,0.06185,0.0475,0.04863,110066813.2,5767163.96
1.51183E+12,2017-11-28,0.07989,0.08361,0.056,0.059,129481659.8,8544997.88
1.51191E+12,2017-11-29,0.06607,0.09819,0.05676,0.0799,294773339.5,23184362.61
1.512E+12,2017-11-30,0.07262,0.0785,0.0627,0.0656,107313515.8,7520146.35
1.51209E+12,2017-12-01,0.08748,0.08994,0.07012,0.072,105747855.5,8391711.97
1.51217E+12,2017-12-02,0.09321,0.09818,0.08748,0.08748,104946748.3,9864990.56
1.51226E+12,2017-12-03,0.08946,0.09665,0.086,0.09359,82197674.65,7536928.04
1.51235E+12,2017-12-04,0.09701,0.09704,0.087,0.08921,43936716.76,4053176.27
1.51243E+12,2017-12-05,0.1225,0.129,0.0933,0.09701,110446099.4,12055333.24
1.51252E+12,2017-12-06,0.1398,0.1587,0.1102,0.1226,182299100.5,25107819.88
1.5126E+12,2017-12-07,0.126,0.154,0.1185,0.1398,133561102.3,18511815.38
1.51269E+12,2017-12-08,0.1335,0.14,0.11,0.126,85171282.89,10811012.73
1.51278E+12,2017-12-09,0.1319,0.1445,0.118,0.1328,61318843.71,8156922.76
1.51286E+12,2017-12-10,0.114,0.1347,0.1,0.1311,52068615.49,6022035.54
1.51295E+12,2017-12-11,0.1404,0.1493,0.114,0.114,72013104.04,9770335.96
1.51304E+12,2017-12-12,0.147,0.155,0.13,0.1405,63541608.97,8981382.9
1.51312E+12,2017-12-13,0.1449,0.1551,0.1338,0.146,55976110.35,8203919.28
1.51321E+12,2017-12-14,0.1858,0.218,0.1425,0.1449,134620606.2,23706647.78
1.5133E+12,2017-12-15,0.195,0.1988,0.16,0.1856,84891927.65,15478016.88
1.51338E+12,2017-12-16,0.2298,0.235,0.187,0.1932,70643772.49,14464874.94
1.51347E+12,2017-12-17,0.263,0.299,0.2237,0.2339,100263011,26526259.64
1.51356E+12,2017-12-18,0.2736,0.2765,0.2467,0.2635,61106875.04,16145260.92
1.51364E+12,2017-12-19,0.2565,0.305,0.2299,0.2739,78568892.03,21561493.25
1.51373E+12,2017-12-20,0.2494,0.2595,0.19,0.2573,65350345.04,15185238.95
1.51381E+12,2017-12-21,0.247,0.2822,0.22,0.2494,56278454.87,14246499.08
1.5139E+12,2017-12-22,0.204,0.27,0.143,0.2488,95125841.19,19859441.89
1.51399E+12,2017-12-23,0.2222,0.2541,0.199,0.205,40766997.04,9326621.91
1.51407E+12,2017-12-24,0.2116,0.2245,0.1807,0.2226,33734394.81,6813029.17
1.51416E+12,2017-12-25,0.222,0.2291,0.201,0.2118,16004772.31,3476849.51
1.51425E+12,2017-12-26,0.2221,0.225,0.2071,0.22,17249218.44,3720206.64
1.51433E+12,2017-12-27,0.227,0.23,0.211,0.2221,25228631.38,5590962.68
1.51442E+12,2017-12-28,0.2174,0.227,0.1922,0.227,25744822.88,5312919.04
1.51451E+12,2017-12-29,0.317,0.33,0.2155,0.2174,72792938.47,19734849.44
1.51459E+12,2017-12-30,0.309,0.37,0.259,0.316,111504571.7,35282622.91
1.51468E+12,2017-12-31,0.354,0.3586,0.2953,0.3043,34074086.26,11174996.49
1.51476E+12,2018-01-01,0.484,0.5231,0.3521,0.354,88950035.27,39488868.22
1.51485E+12,2018-01-02,0.556,0.5898,0.462,0.4848,62527209.64,33302719.3
1.51494E+12,2018-01-03,0.8848,0.9199,0.5524,0.557,97777257.39,74226922.48
1.51502E+12,2018-01-04,0.695,0.91,0.625,0.886,54038376.52,42369529.87
1.51511E+12,2018-01-05,0.64,0.78,0.5353,0.6948,47963433.4,31464609.13
1.5152E+12,2018-01-06,0.6871,0.77,0.581,0.6351,26798897.09,18465487.74
1.51528E+12,2018-01-07,0.705,0.7349,0.672,0.6883,11372294.13,8068742.32
1.51537E+12,2018-01-08,0.614,0.709,0.5175,0.7054,18644272.29,11831875.16
1.51546E+12,2018-01-09,0.5614,0.643,0.5478,0.614,12511163.68,7472842.55
1.51554E+12,2018-01-10,0.559,0.5744,0.4649,0.5698,27067756.04,14151751.8
1.51563E+12,2018-01-11,0.5567,0.63,0.42,0.558,44571960.83,22895295.07
1.51572E+12,2018-01-12,0.672,0.7113,0.5195,0.5581,24780540.48,16004425.91
1.5158E+12,2018-01-13,0.658,0.718,0.622,0.672,10816416.63,7283422.81
1.51589E+12,2018-01-14,0.6196,0.6594,0.5649,0.6594,9866437.89,6012312.59
1.51597E+12,2018-01-15,0.5979,0.674,0.59,0.6194,8282363.19,5229604.05
1.51606E+12,2018-01-16,0.4301,0.602,0.32,0.5951,48457631,21376502.11
1.51615E+12,2018-01-17,0.471,0.5044,0.3005,0.43,48877611.66,19009891.28
1.51623E+12,2018-01-18,0.492,0.5618,0.44,0.475,36175168.41,18244113.17
1.51632E+12,2018-01-19,0.5,0.525,0.463,0.492,11664302.12,5765072.04
1.51641E+12,2018-01-20,0.526,0.55,0.4891,0.5,13718282.12,7087553.4
1.51649E+12,2018-01-21,0.4513,0.53,0.431,0.526,12081820.85,5650604.86
1.51658E+12,2018-01-22,0.478,0.53,0.42,0.46,23214718.49,10784567.4
1.51667E+12,2018-01-23,0.4838,0.518,0.429,0.478,15763268.75,7578553.68
1.51675E+12,2018-01-24,0.5687,0.59,0.47,0.484,27771001.88,15182066.41
1.51684E+12,2018-01-25,0.608,0.648,0.55,0.5687,23315954.51,14160008.15
1.51692E+12,2018-01-26,0.6271,0.6482,0.544,0.608,21454711.34,12969906.05
1.51701E+12,2018-01-27,0.6185,0.6399,0.606,0.6271,7703229.1,4809939.38
1.5171E+12,2018-01-28,0.624,0.635,0.6074,0.611,8025612.6,5010137.68
1.51718E+12,2018-01-29,0.5794,0.6289,0.5652,0.624,7941137.97,4709422.26
1.51727E+12,2018-01-30,0.4819,0.5794,0.4611,0.5794,19256888.97,9763722.08
1.51736E+12,2018-01-31,0.5309,0.5478,0.441,0.4875,12795061.93,6409320.22
1.51744E+12,2018-02-01,0.4556,0.543,0.422,0.5323,16459799.1,7638937.31
1.51753E+12,2018-02-02,0.415,0.454,0.3,0.454,43481475.29,16574379.41
1.51762E+12,2018-02-03,0.4444,0.486,0.3505,0.415,21934368.63,9318186.51
1.5177E+12,2018-02-04,0.384,0.474,0.356,0.449,17271997.53,6968148.15
1.51779E+12,2018-02-05,0.323,0.42,0.2919,0.375,32044938.46,10710208.92
1.51788E+12,2018-02-06,0.3611,0.365,0.2593,0.322,53996971.27,17100253.53
1.51796E+12,2018-02-07,0.3356,0.39,0.33,0.3633,24994440.92,9002615.44
1.51805E+12,2018-02-08,0.353,0.374,0.331,0.3318,14013377.93,4971783.65
1.51813E+12,2018-02-09,0.392,0.3989,0.3359,0.353,14589284.64,5412459.92
1.51822E+12,2018-02-10,0.388,0.4377,0.3625,0.392,16378225.68,6538871.05
1.51831E+12,2018-02-11,0.3623,0.3888,0.3396,0.388,11753881.29,4279022.8
1.51839E+12,2018-02-12,0.3845,0.3939,0.3595,0.3608,5289365.56,2028752.12
1.51848E+12,2018-02-13,0.398,0.426,0.361,0.3845,14632449.01,5805436.77
1.51857E+12,2018-02-14,0.4481,0.45,0.3911,0.398,13019702.18,5550271.33
1.51865E+12,2018-02-15,0.4406,0.4567,0.4295,0.4481,9477886,4196485.36
1.51874E+12,2018-02-16,0.447,0.452,0.4313,0.4406,3332264.72,1473788.29
1.51883E+12,2018-02-17,0.4784,0.4784,0.4438,0.447,8036995,3748208.8
1.51891E+12,2018-02-18,0.4347,0.4802,0.4228,0.4785,8728474.37,3910138.45
1.519E+12,2018-02-19,0.443,0.4562,0.4309,0.4347,5304608.63,2371735.35
1.51908E+12,2018-02-20,0.3897,0.4488,0.3859,0.443,10352865.85,4339778.36
1.51917E+12,2018-02-21,0.3745,0.4251,0.3634,0.3897,19922261.05,7652339.48
1.51926E+12,2018-02-22,0.3471,0.3965,0.3365,0.3745,14145353.97,5078725.15
1.51934E+12,2018-02-23,0.3666,0.3806,0.3363,0.3471,9576708.87,3455688.25
1.51943E+12,2018-02-24,0.3423,0.3752,0.3292,0.3667,8200868.16,2825920.89
1.51952E+12,2018-02-25,0.3491,0.3578,0.3275,0.3423,7737192.83,2636197.49
1.5196E+12,2018-02-26,0.3546,0.3673,0.3354,0.3491,7456754.98,2655928.92
1.51969E+12,2018-02-27,0.3564,0.3737,0.3487,0.3546,9501826.17,3430332.94
1.51978E+12,2018-02-28,0.3299,0.3637,0.3278,0.3564,7847626.6,2707332.48
1.51986E+12,2018-03-01,0.338,0.3465,0.3147,0.3294,8556326.47,2851397.69
1.51995E+12,2018-03-02,0.3186,0.34,0.318,0.338,6168489.38,1999850.42
1.52004E+12,2018-03-03,0.3477,0.3487,0.3111,0.3186,8513778.35,2783708.32
1.52012E+12,2018-03-04,0.3624,0.3646,0.3388,0.3477,12790316.22,4518008.87
1.52021E+12,2018-03-05,0.3492,0.4026,0.3492,0.3624,17041733.08,6424083.14
1.52029E+12,2018-03-06,0.3337,0.3648,0.3311,0.3492,10742444.49,3724613.9
1.52038E+12,2018-03-07,0.3252,0.3485,0.2919,0.3337,19700955.43,6311946.13
1.52047E+12,2018-03-08,0.3091,0.3393,0.3011,0.3252,13221913.8,4134648.44
1.52055E+12,2018-03-09,0.3076,0.3129,0.2608,0.3091,21132803.44,6012070.24
1.52064E+12,2018-03-10,0.2895,0.319,0.2835,0.3076,7213736.23,2185549.28
1.52073E+12,2018-03-11,0.3034,0.3051,0.2749,0.2895,6706177.86,1967852.99
1.52081E+12,2018-03-12,0.2883,0.3104,0.281,0.3034,6577933.32,1925606.04
1.5209E+12,2018-03-13,0.2878,0.2974,0.2785,0.2883,4857082.81,1391054.44
1.52099E+12,2018-03-14,0.2447,0.2964,0.2343,0.2878,13992392.9,3655899.06
1.52107E+12,2018-03-15,0.2392,0.2483,0.2127,0.2447,19686709.61,4532244.88
1.52116E+12,2018-03-16,0.2296,0.2413,0.2244,0.2392,8083743.53,1902690.52
1.52124E+12,2018-03-17,0.2077,0.2347,0.1987,0.2295,14195331.61,2997988.74
1.52133E+12,2018-03-18,0.2191,0.2257,0.1581,0.2077,45816251.73,8407237.09
1.52142E+12,2018-03-19,0.2473,0.2479,0.2101,0.219,26807382.61,6150453.48
1.5215E+12,2018-03-20,0.2662,0.2822,0.2319,0.2475,20943941.17,5376438.51
1.52159E+12,2018-03-21,0.2511,0.2722,0.2446,0.2667,20384896.44,5255257.85
1.52168E+12,2018-03-22,0.2419,0.2568,0.224,0.2511,16855050.09,4017095.72
1.52176E+12,2018-03-23,0.2368,0.2419,0.2228,0.2419,12420228.7,2862242.36
1.52185E+12,2018-03-24,0.2323,0.2451,0.2321,0.2369,9116940.3,2184241.86
1.52194E+12,2018-03-25,0.239,0.2431,0.2296,0.2323,8103343.21,1916030.24
1.52202E+12,2018-03-26,0.2277,0.2453,0.2143,0.239,13277989.44,3004360.93
1.52211E+12,2018-03-27,0.2151,0.2294,0.2022,0.228,18688779.14,4038385.74
1.5222E+12,2018-03-28,0.2179,0.226,0.2128,0.2151,6468895.3,1416897.83
1.52228E+12,2018-03-29,0.1892,0.2203,0.1856,0.2179,29073419.7,5761784.15
1.52237E+12,2018-03-30,0.1861,0.2002,0.1735,0.1892,22103666.62,4093182.16
1.52245E+12,2018-03-31,0.204,0.2202,0.1861,0.1861,15988653.87,3281840.1
1.52254E+12,2018-04-01,0.2049,0.2114,0.1841,0.204,14967639.88,2970337.94
1.52263E+12,2018-04-02,0.2243,0.2365,0.2029,0.2049,25273795.88,5567216.44
1.52271E+12,2018-04-03,0.2318,0.2373,0.223,0.2243,16331667.85,3774979.22
1.5228E+12,2018-04-04,0.201,0.2337,0.199,0.2319,31068011.34,6668117.63
1.52289E+12,2018-04-05,0.1953,0.2073,0.1899,0.201,19498261.17,3819572.32
1.52297E+12,2018-04-06,0.1919,0.1978,0.188,0.1953,7709674.26,1485519.07
1.52306E+12,2018-04-07,0.1995,0.2063,0.1923,0.1923,12012313.94,2425361.41
1.52315E+12,2018-04-08,0.2051,0.2084,0.1994,0.1995,3736887.34,764664.56
1.52323E+12,2018-04-09,0.1952,0.2143,0.1907,0.2051,12552444.36,2545125.02
1.52332E+12,2018-04-10,0.198,0.203,0.195,0.1952,5461743.79,1084957.18
1.5234E+12,2018-04-11,0.2135,0.2139,0.197,0.198,12020880.77,2460437.18
1.52349E+12,2018-04-12,0.2454,0.2472,0.2057,0.213,35534886.63,7988611.04
1.52358E+12,2018-04-13,0.2456,0.2733,0.2324,0.2454,34894330.66,8778021.43
1.52366E+12,2018-04-14,0.2529,0.2626,0.2422,0.2456,9873323.64,2487561.18
1.52375E+12,2018-04-15,0.2954,0.3072,0.2529,0.2529,22222913.34,6319747.09
1.52384E+12,2018-04-16,0.2856,0.3065,0.2701,0.2954,19127745.16,5419311.02
1.52392E+12,2018-04-17,0.3008,0.32,0.2796,0.2856,29004975.45,8758014.47
1.52401E+12,2018-04-18,0.3545,0.3573,0.3,0.3008,26704234.39,8869154.58
1.5241E+12,2018-04-19,0.3665,0.3791,0.3455,0.3532,29406798.23,10657916.06
1.52418E+12,2018-04-20,0.3916,0.3999,0.3343,0.3665,35559023.18,13320159.56
1.52427E+12,2018-04-21,0.3733,0.4,0.3431,0.3916,19310436.78,7201935.78
1.52436E+12,2018-04-22,0.3649,0.3861,0.361,0.3733,10551366.83,3952648.25
1.52444E+12,2018-04-23,0.3713,0.3767,0.3626,0.3649,6212888.11,2297624.14
1.52453E+12,2018-04-24,0.3956,0.4086,0.3708,0.3719,18761133.08,7353801.97
1.52461E+12,2018-04-25,0.3369,0.3986,0.3234,0.3956,33158849.42,11692942.59
1.5247E+12,2018-04-26,0.3867,0.387,0.3272,0.337,25209769.73,9318747.25
1.52479E+12,2018-04-27,0.3853,0.4243,0.3807,0.3867,25973386.36,10555350.04
1.52487E+12,2018-04-28,0.4296,0.436,0.37,0.3852,16874284.71,6902284.97
1.52496E+12,2018-04-29,0.4583,0.4643,0.4223,0.4296,19911436.19,8907221.2
1.52505E+12,2018-04-30,0.424,0.4602,0.4119,0.4583,11426790.65,4928923.49
1.52513E+12,2018-05-01,0.4384,0.4486,0.3888,0.424,21231226.66,8927448.03
1.52522E+12,2018-05-02,0.4402,0.4461,0.4297,0.4384,7340155.3,3222126.85
1.52531E+12,2018-05-03,0.4357,0.4418,0.4271,0.4402,13886824.97,6033399.58
1.52539E+12,2018-05-04,0.4299,0.4387,0.4205,0.4357,7268264.47,3132192.69
1.52548E+12,2018-05-05,0.4295,0.4356,0.4238,0.4299,6172103.82,2659912.95
1.52556E+12,2018-05-06,0.4096,0.4327,0.4005,0.4295,7300891.24,3014478.67
1.52565E+12,2018-05-07,0.3948,0.4121,0.3753,0.4096,9063321.62,3541273.98
1.52574E+12,2018-05-08,0.3813,0.4111,0.3723,0.3948,7190362.79,2792589.65
1.52582E+12,2018-05-09,0.372,0.3869,0.3555,0.3813,9182314.02,3399563.96
1.52591E+12,2018-05-10,0.3466,0.3842,0.3457,0.372,7680328.75,2787135.62
1.526E+12,2018-05-11,0.311,0.3503,0.2957,0.3466,24518746.02,7825301.91
1.52608E+12,2018-05-12,0.3575,0.3638,0.2983,0.311,15966944.03,5293014.64
1.52617E+12,2018-05-13,0.3702,0.3791,0.3511,0.3575,9928336.34,3611237.82
1.52626E+12,2018-05-14,0.3638,0.3799,0.3422,0.3702,10284055.5,3696842.63
1.52634E+12,2018-05-15,0.3421,0.3711,0.34,0.3638,9021752.4,3221270.64
1.52643E+12,2018-05-16,0.3317,0.3421,0.3185,0.3421,15996377.19,5224347.82
1.52652E+12,2018-05-17,0.3076,0.3405,0.3053,0.3317,6539662.84,2129623.86
1.5266E+12,2018-05-18,0.3165,0.3186,0.3001,0.3076,6338165.94,1959949.65
1.52669E+12,2018-05-19,0.3128,0.3265,0.3081,0.3167,3900136.11,1234022.74
1.52677E+12,2018-05-20,0.3284,0.333,0.3124,0.3128,7599349.12,2453274.85
1.52686E+12,2018-05-21,0.3127,0.3294,0.3093,0.3284,5238328.38,1670275.49
1.52695E+12,2018-05-22,0.2935,0.3194,0.2926,0.3127,7309595.17,2223699.91
1.52703E+12,2018-05-23,0.276,0.2941,0.2636,0.2936,13192170.7,3687877.96
1.52712E+12,2018-05-24,0.2912,0.2982,0.2681,0.276,17078473.15,4896928.29
1.52721E+12,2018-05-25,0.2866,0.3011,0.2813,0.2912,6717593.56,1940681.32
1.52729E+12,2018-05-26,0.2824,0.296,0.281,0.2866,4401502.39,1268544.68
1.52738E+12,2018-05-27,0.274,0.284,0.2704,0.2824,9364282.16,2569004.44
1.52747E+12,2018-05-28,0.2493,0.2773,0.249,0.274,7429089.66,1931459.03
1.52755E+12,2018-05-29,0.2823,0.2846,0.2454,0.2493,13227688.84,3533305.11
1.52764E+12,2018-05-30,0.2759,0.2938,0.2645,0.2823,12585300.23,3486723.28
1.52772E+12,2018-05-31,0.2964,0.305,0.2714,0.2759,12561118.52,3689136.72
1.52781E+12,2018-06-01,0.2879,0.2984,0.2801,0.2964,9238184.93,2645236.02
1.5279E+12,2018-06-02,0.2987,0.3016,0.2876,0.2876,7261517.12,2158367.15
1.52798E+12,2018-06-03,0.3039,0.3111,0.296,0.2987,10839641.47,3299519.54
1.52807E+12,2018-06-04,0.291,0.3097,0.2855,0.3039,8538924.2,2528969.4
1.52816E+12,2018-06-05,0.2936,0.2989,0.2809,0.291,4442976.22,1287169.89
1.52824E+12,2018-06-06,0.298,0.2998,0.2867,0.2936,4565990.42,1338161.92
1.52833E+12,2018-06-07,0.2917,0.3052,0.2901,0.2981,4582353.61,1369638.54
1.52842E+12,2018-06-08,0.2869,0.2956,0.2852,0.2917,5187962.69,1516079.56
1.5285E+12,2018-06-09,0.2809,0.2915,0.2796,0.2869,1550663.7,443560.18
1.52859E+12,2018-06-10,0.2455,0.2813,0.2388,0.2809,16382761.55,4168370.85
1.52868E+12,2018-06-11,0.2526,0.2526,0.2257,0.2455,10549373.63,2553460.9
1.52876E+12,2018-06-12,0.2276,0.2537,0.2246,0.2526,9676141.8,2315218.07
1.52885E+12,2018-06-13,0.2184,0.2303,0.2053,0.2275,10300869.67,2250825.75
1.52893E+12,2018-06-14,0.2407,0.263,0.2175,0.2184,12497279.48,2955797.94
1.52902E+12,2018-06-15,0.2296,0.2425,0.2285,0.2407,4268476.83,1007060.43
1.52911E+12,2018-06-16,0.2303,0.2335,0.2235,0.2296,3445353.42,789023.72
1.52919E+12,2018-06-17,0.229,0.2355,0.2276,0.2303,1139786.34,263180.8
1.52928E+12,2018-06-18,0.2324,0.2409,0.2215,0.229,5799701.51,1343825.23
1.52937E+12,2018-06-19,0.2349,0.2407,0.2307,0.2324,3283362.7,772570.83
1.52945E+12,2018-06-20,0.2309,0.2354,0.2246,0.2349,3869977.72,892330.29
1.52954E+12,2018-06-21,0.2266,0.2375,0.2255,0.2309,3328444.73,767658.87
1.52963E+12,2018-06-22,0.2008,0.2273,0.1947,0.2266,12520538.89,2586827.36
1.52971E+12,2018-06-23,0.2024,0.2048,0.1959,0.2005,4001699.27,799448.28
1.5298E+12,2018-06-24,0.1931,0.2025,0.1772,0.2024,14648514.5,2755902.05
1.52988E+12,2018-06-25,0.1983,0.2026,0.1889,0.1931,11219086.97,2189302.2
1.52997E+12,2018-06-26,0.1828,0.1983,0.1826,0.1983,7063838.39,1344865.26
1.53006E+12,2018-06-27,0.1911,0.1928,0.181,0.1831,4598118.47,850151.24
1.53014E+12,2018-06-28,0.1775,0.1926,0.1764,0.1911,4318186.28,799818.79
1.53023E+12,2018-06-29,0.1877,0.1893,0.1716,0.1776,10391519.72,1856149.38
1.53032E+12,2018-06-30,0.1928,0.2026,0.1863,0.1877,11258030.49,2180147.58
1.5304E+12,2018-07-01,0.1993,0.2014,0.1887,0.1928,7688133.76,1523426.22
1.53049E+12,2018-07-02,0.2147,0.2167,0.1935,0.1993,10245103.86,2145753.59
1.53058E+12,2018-07-03,0.205,0.2212,0.2023,0.2147,13965588.86,2953357.53
1.53066E+12,2018-07-04,0.211,0.2171,0.2004,0.205,3926051.27,819928.18
1.53075E+12,2018-07-05,0.2012,0.2138,0.1975,0.211,5448400.33,1117383.02
1.53084E+12,2018-07-06,0.2073,0.2104,0.1957,0.2012,4582034.17,936060.29
1.53092E+12,2018-07-07,0.2088,0.209,0.1993,0.2073,3341064.23,681204.38
1.53101E+12,2018-07-08,0.2094,0.2185,0.2074,0.2088,6430107.22,1366618.9
1.53109E+12,2018-07-09,0.2065,0.2138,0.2061,0.2094,4371421.3,916382.77
1.53118E+12,2018-07-10,0.1908,0.207,0.1906,0.2065,5318437.02,1047554.1
1.53127E+12,2018-07-11,0.1894,0.1966,0.1833,0.1908,7302308.23,1371030.94
1.53135E+12,2018-07-12,0.1839,0.1896,0.1803,0.1894,3462986.75,632759.93
1.53144E+12,2018-07-13,0.2066,0.2084,0.1825,0.1839,12253816.47,2435910.97
1.53153E+12,2018-07-14,0.2086,0.2133,0.1972,0.2068,7503676.32,1538024.98
1.53161E+12,2018-07-15,0.2198,0.2231,0.2065,0.2086,11734387.66,2547924.8
1.5317E+12,2018-07-16,0.2398,0.2398,0.2196,0.2204,10328544.28,2378123.62
1.53179E+12,2018-07-17,0.2539,0.2558,0.2287,0.2398,16922902.83,4132829.83
1.53187E+12,2018-07-18,0.298,0.3264,0.2538,0.2539,52514684.55,15312925.69
1.53196E+12,2018-07-19,0.306,0.319,0.2801,0.298,35233036.18,10691900.53
1.53204E+12,2018-07-20,0.27,0.306,0.2633,0.306,21120198.51,5976950.06
1.53213E+12,2018-07-21,0.2935,0.2967,0.2558,0.27,15102001.81,4243164.58
1.53222E+12,2018-07-22,0.2843,0.3078,0.2805,0.2935,11475528.87,3388730.95
1.5323E+12,2018-07-23,0.2861,0.3033,0.2812,0.2843,12721085.11,3702839.47
1.53239E+12,2018-07-24,0.301,0.3061,0.2806,0.2861,17492026.97,5188908.53
1.53248E+12,2018-07-25,0.3327,0.3509,0.2951,0.301,22746117.47,7365236.47
1.53256E+12,2018-07-26,0.309,0.3497,0.295,0.3327,32183839.07,10271952.5
1.53265E+12,2018-07-27,0.3168,0.3247,0.2954,0.309,14116380.71,4377305.76
1.53274E+12,2018-07-28,0.3157,0.3271,0.3083,0.3168,5731669.28,1820370.93
1.53282E+12,2018-07-29,0.3074,0.3189,0.3037,0.3154,4775070.69,1481713.52
1.53291E+12,2018-07-30,0.2953,0.3078,0.2747,0.3074,21955300.01,6343026.4
1.533E+12,2018-07-31,0.2775,0.2954,0.2666,0.2953,22005852.64,6055348.83
1.53308E+12,2018-08-01,0.2764,0.2839,0.2641,0.2775,15474915.59,4212694.6
1.53317E+12,2018-08-02,0.2604,0.2811,0.2599,0.2764,11238642,3012279.2
1.53325E+12,2018-08-03,0.2573,0.2691,0.2455,0.2604,18746513.87,4760996.14
1.53334E+12,2018-08-04,0.2396,0.2606,0.2324,0.2573,17004386.47,4114563.96
1.53343E+12,2018-08-05,0.2425,0.246,0.2333,0.2396,10215499.78,2462792.23
1.53351E+12,2018-08-06,0.2334,0.2469,0.2294,0.2428,10137313.97,2404052.56
1.5336E+12,2018-08-07,0.228,0.2451,0.2261,0.2334,13673304.21,3241621.49
1.53369E+12,2018-08-08,0.1974,0.228,0.1942,0.228,24854334.72,5228355.13
1.53377E+12,2018-08-09,0.2209,0.2295,0.1973,0.1974,18004814.81,3848017.34
1.53386E+12,2018-08-10,0.2225,0.2392,0.212,0.2209,28416512.73,6421196.99
1.53395E+12,2018-08-11,0.2165,0.2269,0.201,0.2225,23255472.18,4918433.1
1.53403E+12,2018-08-12,0.2242,0.2284,0.2146,0.2165,12337753.57,2753221.24
1.53412E+12,2018-08-13,0.2208,0.2437,0.2196,0.2242,15485796.16,3574046.16
1.5342E+12,2018-08-14,0.2175,0.2221,0.1955,0.2208,28423375.96,5926132.96
1.53429E+12,2018-08-15,0.2155,0.2442,0.2138,0.2175,19585931.54,4406731.98
1.53438E+12,2018-08-16,0.2146,0.2212,0.209,0.2155,11571543.22,2483454.13
1.53446E+12,2018-08-17,0.2387,0.2397,0.2141,0.2147,15941811.25,3632416.4
1.53455E+12,2018-08-18,0.222,0.2456,0.2177,0.2387,14652920.81,3366101.79
1.53464E+12,2018-08-19,0.2288,0.2331,0.22,0.222,8275249.81,1886160.78
1.53472E+12,2018-08-20,0.2131,0.2316,0.2123,0.2288,11760977.7,2603724.42
1.53481E+12,2018-08-21,0.2195,0.2202,0.213,0.2131,6286388.71,1362945.15
1.5349E+12,2018-08-22,0.2082,0.2308,0.2028,0.2195,12574344.28,2738506.38
1.53498E+12,2018-08-23,0.2163,0.2165,0.2081,0.2082,8057361.29,1708645.79
1.53507E+12,2018-08-24,0.218,0.2191,0.2121,0.2163,4770542.22,1027276.55
1.53516E+12,2018-08-25,0.2175,0.2196,0.215,0.2181,4928400.2,1070780.43
1.53524E+12,2018-08-26,0.2131,0.2181,0.2097,0.2176,4363031.99,926806.22
1.53533E+12,2018-08-27,0.2271,0.2273,0.2127,0.2131,10073180.78,2220735.07
1.53541E+12,2018-08-28,0.2354,0.2387,0.2237,0.2271,15330093.98,3526041.15
1.5355E+12,2018-08-29,0.2262,0.2357,0.2211,0.2353,18420762.73,4207282.22
1.53559E+12,2018-08-30,0.2221,0.228,0.2131,0.2261,12555736.56,2747920.41
1.53567E+12,2018-08-31,0.2216,0.2232,0.2161,0.2221,8091346.03,1774235.27
1.53576E+12,2018-09-01,0.2285,0.2338,0.2211,0.2216,11925222.28,2721655.7
1.53585E+12,2018-09-02,0.2236,0.2312,0.2213,0.2285,7163627.87,1616888.06
1.53593E+12,2018-09-03,0.2195,0.2246,0.2178,0.2237,8028681.58,1779240.92
1.53602E+12,2018-09-04,0.2313,0.2346,0.2186,0.2195,9343031.34,2113916.04
1.53611E+12,2018-09-05,0.2037,0.2336,0.2026,0.2313,19589869.13,4253218.55
1.53619E+12,2018-09-06,0.2079,0.2086,0.1924,0.2037,18806768.31,3712493.17
1.53628E+12,2018-09-07,0.2065,0.213,0.1969,0.2079,9121519.47,1877733.37
1.53636E+12,2018-09-08,0.1943,0.2086,0.192,0.2065,8773401.79,1758837.72
1.53645E+12,2018-09-09,0.1912,0.1994,0.1892,0.1945,11627216.76,2258650.19
1.53654E+12,2018-09-10,0.1906,0.1953,0.1866,0.1909,8698132.29,1656039.59
1.53662E+12,2018-09-11,0.1995,0.2098,0.1825,0.1908,15659318.93,3041698.32
1.53671E+12,2018-09-12,0.1969,0.2076,0.1845,0.1995,13736636.12,2707497.2
1.5368E+12,2018-09-13,0.206,0.2124,0.1967,0.1969,13547103.47,2802316.54
1.53688E+12,2018-09-14,0.2013,0.2093,0.1963,0.206,8888641.72,1801990.07
1.53697E+12,2018-09-15,0.2029,0.2061,0.2,0.2012,7471301.5,1519001.31
1.53706E+12,2018-09-16,0.2067,0.2087,0.1982,0.203,8581313.51,1751703.2
1.53714E+12,2018-09-17,0.196,0.2089,0.1947,0.2067,10966363.3,2213165.73
1.53723E+12,2018-09-18,0.2082,0.2145,0.1936,0.196,15214495.66,3127806.51
1.53732E+12,2018-09-19,0.2057,0.2107,0.1989,0.2081,10708837.26,2203577.56
1.5374E+12,2018-09-20,0.2314,0.2452,0.2043,0.2057,27934254.22,6226637.73
1.53749E+12,2018-09-21,0.2492,0.2782,0.2308,0.2314,49466663,12333361.16
1.53757E+12,2018-09-22,0.2398,0.251,0.2311,0.2489,19036100.86,4546217.63
1.53766E+12,2018-09-23,0.2813,0.3016,0.2385,0.2396,53008072.81,14822614.23
1.53775E+12,2018-09-24,0.2581,0.2817,0.2526,0.2813,28279601.73,7494222.77
1.53783E+12,2018-09-25,0.2533,0.2581,0.2309,0.2581,30515268.56,7410770.54
1.53792E+12,2018-09-26,0.2443,0.2582,0.2377,0.2533,21120414.03,5266160.68
1.53801E+12,2018-09-27,0.2597,0.2653,0.2434,0.2443,22706239.8,5843750.42
1.53809E+12,2018-09-28,0.2539,0.2631,0.2488,0.2596,14972141.73,3815680.89
1.53818E+12,2018-09-29,0.255,0.261,0.2447,0.2539,11159956.53,2829565.03
1.53827E+12,2018-09-30,0.2592,0.2629,0.2509,0.255,11492802.4,2970800.07
1.53835E+12,2018-10-01,0.2583,0.2635,0.2518,0.2581,15084620.95,3900832.83
1.53844E+12,2018-10-02,0.2469,0.2601,0.2468,0.2583,9681582.5,2452947.91
1.53852E+12,2018-10-03,0.241,0.248,0.2369,0.2469,9240316.79,2233561.49
1.53861E+12,2018-10-04,0.2436,0.2481,0.2401,0.241,6548958.31,1602998.02
1.5387E+12,2018-10-05,0.2465,0.2475,0.2404,0.2436,6416527.2,1566877.72
1.53878E+12,2018-10-06,0.2405,0.2473,0.2378,0.2465,4536501.99,1099997.08
1.53887E+12,2018-10-07,0.2438,0.2444,0.2377,0.2405,5376408.57,1294418.15
1.53896E+12,2018-10-08,0.2485,0.2492,0.2407,0.2438,8390213.22,2060926.24
1.53904E+12,2018-10-09,0.2465,0.2495,0.243,0.2486,6249900.94,1534864.82
1.53913E+12,2018-10-10,0.2419,0.248,0.2408,0.2464,4206215.78,1022641.37
1.53922E+12,2018-10-11,0.2047,0.2425,0.2047,0.242,23748606.54,5130938.05
1.5393E+12,2018-10-12,0.2164,0.2204,0.2045,0.2047,5655137.75,1217579.88
1.53939E+12,2018-10-13,0.217,0.2205,0.215,0.2162,3378224.81,734696.85
1.53948E+12,2018-10-14,0.2096,0.2195,0.2088,0.2167,4038770.1,864812.11
1.53956E+12,2018-10-15,0.2261,0.2389,0.2083,0.2096,18629294.49,4217111.76
1.53965E+12,2018-10-16,0.2331,0.2339,0.2217,0.2261,6718440.62,1532091.06
1.53973E+12,2018-10-17,0.2437,0.248,0.231,0.2329,11520438.99,2770888.93
1.53982E+12,2018-10-18,0.2418,0.2512,0.2318,0.2437,10622739.1,2559669.52
1.53991E+12,2018-10-19,0.2463,0.2492,0.2351,0.2418,10640106.7,2605318.37
1.53999E+12,2018-10-20,0.2499,0.2564,0.2445,0.2463,7093987.05,1769658.66
1.54008E+12,2018-10-21,0.2452,0.2532,0.2451,0.2501,4297794.53,1065899.2
1.54017E+12,2018-10-22,0.2459,0.2496,0.2411,0.2453,5688768.14,1391469.99
1.54025E+12,2018-10-23,0.2444,0.2516,0.2418,0.2459,5780543.93,1417945.02
1.54034E+12,2018-10-24,0.2404,0.2464,0.2393,0.2443,4481380.4,1087002.18
1.54043E+12,2018-10-25,0.2392,0.242,0.2358,0.2405,4229445,1009995.96
1.54051E+12,2018-10-26,0.2349,0.2398,0.2332,0.2393,4476339.54,1055459.81
1.5406E+12,2018-10-27,0.2313,0.2377,0.2304,0.2349,3262709.12,763187.85
1.54068E+12,2018-10-28,0.2349,0.2376,0.2301,0.2313,4700271.98,1095636.04
1.54077E+12,2018-10-29,0.2224,0.2362,0.2208,0.2349,7830674.03,1767372.44
1.54086E+12,2018-10-30,0.2243,0.2281,0.2218,0.2223,3304622.81,742349.55
1.54094E+12,2018-10-31,0.2275,0.2278,0.2186,0.2241,3665751.16,817072.48
1.54103E+12,2018-11-01,0.2256,0.2288,0.2228,0.2275,1456275.32,329208.91
1.54112E+12,2018-11-02,0.2366,0.2399,0.2256,0.2256,3909573.34,906880.11
1.5412E+12,2018-11-03,0.2373,0.2417,0.2348,0.2367,3514425.24,835540.95
1.54129E+12,2018-11-04,0.244,0.2482,0.2354,0.2373,5627581.86,1363033.3
1.54138E+12,2018-11-05,0.2473,0.2479,0.2407,0.244,4655825.5,1139134.19
1.54146E+12,2018-11-06,0.2664,0.2676,0.2472,0.2473,19473974.32,4987327.64
1.54155E+12,2018-11-07,0.2561,0.2672,0.2529,0.2664,6394543.48,1655575.28
1.54164E+12,2018-11-08,0.2556,0.2655,0.2485,0.2561,9608777.73,2466146.06
1.54172E+12,2018-11-09,0.2564,0.2648,0.2522,0.2556,5761436.48,1493709.67
1.54181E+12,2018-11-10,0.2629,0.2636,0.2552,0.2564,2132488.01,554276.51
1.54189E+12,2018-11-11,0.2753,0.2772,0.2611,0.2629,12867712.83,3485820.05
1.54198E+12,2018-11-12,0.268,0.2834,0.2664,0.2752,8977087.67,2473000.4
1.54207E+12,2018-11-13,0.257,0.2715,0.2551,0.2682,5684388.49,1492106.33
1.54215E+12,2018-11-14,0.2317,0.2586,0.2151,0.2568,26132662.36,6066605.9
1.54224E+12,2018-11-15,0.2416,0.2466,0.2117,0.2317,12410806.37,2842886.63
1.54233E+12,2018-11-16,0.2381,0.2478,0.2332,0.2416,10020651.89,2417433.92
1.54241E+12,2018-11-17,0.2455,0.2469,0.2323,0.2381,5569791.56,1339615.39
1.5425E+12,2018-11-18,0.25,0.2551,0.2441,0.2463,4938440.86,1234009.55
1.54259E+12,2018-11-19,0.222,0.2501,0.221,0.25,19669165.57,4488998.03
1.54267E+12,2018-11-20,0.1917,0.2294,0.1779,0.2219,33028345.39,6630879.19
1.54276E+12,2018-11-21,0.2026,0.2091,0.1843,0.1917,13650441.35,2694900.97
1.54284E+12,2018-11-22,0.1844,0.2055,0.1841,0.2026,7460912.08,1448538.53
1.54293E+12,2018-11-23,0.1808,0.1882,0.1746,0.1844,10302509.79,1852576.89
1.54302E+12,2018-11-24,0.1546,0.187,0.1476,0.1808,17986347.66,2881154.54
1.5431E+12,2018-11-25,0.16,0.1742,0.1309,0.1546,37213195.21,5380302.52
1.54319E+12,2018-11-26,0.1439,0.1646,0.1344,0.16,14037683.38,2077287.7
1.54328E+12,2018-11-27,0.145,0.1483,0.1357,0.1439,9696392.6,1378372.57
1.54336E+12,2018-11-28,0.1605,0.1672,0.144,0.145,13915178.72,2190502.45
1.54345E+12,2018-11-29,0.1635,0.1724,0.1533,0.1605,13435278.59,2194766.03
1.54354E+12,2018-11-30,0.1576,0.173,0.1519,0.1635,10648287.33,1706464.6
1.54362E+12,2018-12-01,0.1632,0.1688,0.156,0.1576,8467150.96,1372318.11
1.54371E+12,2018-12-02,0.1582,0.1663,0.1575,0.1632,6947230.2,1117191.94
1.5438E+12,2018-12-03,0.1473,0.1617,0.1466,0.1588,10309510.61,1563515.79
1.54388E+12,2018-12-04,0.146,0.1539,0.1427,0.1473,8661295.4,1293509.15
1.54397E+12,2018-12-05,0.1323,0.1472,0.1309,0.146,12038303.68,1650865.97
1.54405E+12,2018-12-06,0.1176,0.1379,0.1155,0.1323,16899165.28,2141461.24
1.54414E+12,2018-12-07,0.1144,0.1183,0.1057,0.1176,37000352.96,4113074.74
1.54423E+12,2018-12-08,0.1162,0.1241,0.1143,0.1144,8620558.32,1039751.48
